{
  "project": {
    "name": "Crypto Weather Correlation Dashboard",
    "version": "1.0.0",
    "description": "Dashboard correlating cryptocurrency prices with weather patterns",
    "type": "web_dashboard",
    "created": "2024-12-12",
    "technologies": ["Python", "Flask", "Plotly", "JavaScript", "HTML5", "CSS3"]
  },
  "data_sources": {
    "primary": {
      "name": "CoinGecko API",
      "type": "cryptocurrency",
      "endpoint": "https://api.coingecko.com/api/v3/simple/price",
      "update_frequency": "5_minutes"
    },
    "secondary": {
      "name": "Weather Data",
      "type": "meteorological",
      "cities": ["New York", "London", "Tokyo", "Singapore"],
      "update_frequency": "5_minutes"
    }
  },
  "features": {
    "real_time_updates": true,
    "interactive_plots": true,
    "correlation_analysis": true,
    "responsive_design": true,
    "auto_refresh": true
  },
  "kiro_assistance": {
    "code_generation": "90%",
    "architecture_design": "85%",
    "debugging_support": "80%",
    "documentation": "95%"
  }
}